﻿<?xml version="1.0" encoding="utf-8"?>
<ChatMapperProject xmlns:xsi="http://www.w3.org/2001/XMLSchema-instance" xmlns:xsd="http://www.w3.org/2001/XMLSchema" Title="Bark Example" Version="1.5.1.0" Author="Pixel Crushers" EmphasisColor1="#FF0000" EmphasisStyle1="b--" EmphasisColor1Label="" EmphasisColor2="#44B634" EmphasisStyle2="b--" EmphasisColor2Label="" EmphasisColor3="#4688E6" EmphasisStyle3="b--" EmphasisColor3Label="" EmphasisColor4="#CCCCCC" EmphasisStyle4="b--" EmphasisColor4Label="">
  <Description>This project contains bark conversations for two NPCs that bark at each other. You could make it more reactive by adding conditions to the barks so that certain barks would trigger only under specific conditions.</Description>
  <Assets>
    <Actors>
      <Actor ID="1">
        <Fields>
          <Field Hint="A name to reference this actor." Type="Text">
            <Title>Name</Title>
            <Value>Player</Value>
          </Field>
          <Field Hint="A collection of image files that represent this actor, used as portrait images." Type="Files">
            <Title>Pictures</Title>
            <Value>[]</Value>
          </Field>
          <Field Hint="A short description of what makes this actor unique." Type="Text">
            <Title>Description</Title>
            <Value>The player character.</Value>
          </Field>
          <Field Hint="Mark this box if this actor is the main player character." Type="Boolean">
            <Title>IsPlayer</Title>
            <Value>True</Value>
          </Field>
        </Fields>
      </Actor>
      <Actor ID="2">
        <Fields>
          <Field Hint="A name to reference this actor." Type="Text">
            <Title>Name</Title>
            <Value>Private Hart</Value>
          </Field>
          <Field Hint="A collection of image files that represent this actor, used as portrait images." Type="Files">
            <Title>Pictures</Title>
            <Value>[]</Value>
          </Field>
          <Field Hint="A short description of what makes this actor unique." Type="Text">
            <Title>Description</Title>
            <Value />
          </Field>
          <Field Hint="Mark this box if this actor is the main player character." Type="Boolean">
            <Title>IsPlayer</Title>
            <Value>False</Value>
          </Field>
        </Fields>
      </Actor>
      <Actor ID="3">
        <Fields>
          <Field Hint="A name to reference this actor." Type="Text">
            <Title>Name</Title>
            <Value>Sergeant Graves</Value>
          </Field>
          <Field Hint="A collection of image files that represent this actor, used as portrait images." Type="Files">
            <Title>Pictures</Title>
            <Value>[]</Value>
          </Field>
          <Field Hint="A short description of what makes this actor unique." Type="Text">
            <Title>Description</Title>
            <Value />
          </Field>
          <Field Hint="Mark this box if this actor is the main player character." Type="Boolean">
            <Title>IsPlayer</Title>
            <Value>False</Value>
          </Field>
        </Fields>
      </Actor>
    </Actors>
    <Conversations>
      <Conversation ID="1" LockedMode="Unlocked" NodeColor="Red">
        <Fields>
          <Field Hint="The title of this conversation." Type="Text">
            <Title>Title</Title>
            <Value>Private Hart Barks</Value>
          </Field>
          <Field Hint="A short description of what happens in this conversation." Type="Text">
            <Title>Description</Title>
            <Value />
          </Field>
          <Field Hint="The actor who is doing most of the talking, or initiates this conversation." Type="Actor">
            <Title>Actor</Title>
            <Value>2</Value>
          </Field>
          <Field Hint="The actor who is approached or is mostly talked to." Type="Actor">
            <Title>Conversant</Title>
            <Value>3</Value>
          </Field>
        </Fields>
        <DialogEntries>
          <DialogEntry ID="0" IsRoot="true" IsGroup="false" NodeColor="White" DelaySimStatus="false" FalseCondtionAction="Block" ConditionPriority="Normal">
            <Fields>
              <Field Hint="The title of this dialogue." Type="Text">
                <Title>Title</Title>
                <Value>START</Value>
              </Field>
              <Field Hint="The actor who is talking." Type="Actor">
                <Title>Actor</Title>
                <Value>2</Value>
              </Field>
              <Field Hint="The actor who is listening." Type="Actor">
                <Title>Conversant</Title>
                <Value>3</Value>
              </Field>
              <Field Hint="The text that is displayed to the player in a list as a dialogue option." Type="Text">
                <Title>Menu Text</Title>
                <Value />
              </Field>
              <Field Hint="The text that is spoken by the actor." Type="Localization">
                <Title>Dialogue Text</Title>
                <Value />
              </Field>
              <Field Hint="A WMV video file to be played for this dialogue." Type="Text">
                <Title>Video File</Title>
                <Value />
              </Field>
            </Fields>
            <ReviewerNotes />
            <ReviewerStatus>None</ReviewerStatus>
            <OutgoingLinks>
              <Link OriginConvoID="1" DestinationConvoID="1" OriginDialogID="0" DestinationDialogID="1" IsConnector="false" />
              <Link OriginConvoID="1" DestinationConvoID="1" OriginDialogID="0" DestinationDialogID="2" IsConnector="false" />
              <Link OriginConvoID="1" DestinationConvoID="1" OriginDialogID="0" DestinationDialogID="3" IsConnector="false" />
            </OutgoingLinks>
            <ConditionsString />
            <UserScript />
          </DialogEntry>
          <DialogEntry ID="1" IsRoot="false" IsGroup="false" NodeColor="White" DelaySimStatus="false" FalseCondtionAction="Block" ConditionPriority="Normal">
            <Fields>
              <Field Hint="The title of this dialogue." Type="Text">
                <Title>Title</Title>
                <Value />
              </Field>
              <Field Hint="The actor who is talking." Type="Actor">
                <Title>Actor</Title>
                <Value>3</Value>
              </Field>
              <Field Hint="The actor who is listening." Type="Actor">
                <Title>Conversant</Title>
                <Value>2</Value>
              </Field>
              <Field Hint="The text that is displayed to the player in a list as a dialogue option." Type="Text">
                <Title>Menu Text</Title>
                <Value />
              </Field>
              <Field Hint="The text that is spoken by the actor." Type="Localization">
                <Title>Dialogue Text</Title>
                <Value>Why, sir?</Value>
              </Field>
              <Field Hint="A WMV video file to be played for this dialogue." Type="Text">
                <Title>Video File</Title>
                <Value />
              </Field>
              <Field Hint="Dialogue System for Unity cutscene sequence" Type="Text">
                <Title>Sequence</Title>
                <Value />
              </Field>
            </Fields>
            <ReviewerNotes />
            <ReviewerStatus>None</ReviewerStatus>
            <OutgoingLinks />
            <ConditionsString />
            <UserScript />
          </DialogEntry>
          <DialogEntry ID="2" IsRoot="false" IsGroup="false" NodeColor="White" DelaySimStatus="false" FalseCondtionAction="Block" ConditionPriority="Normal">
            <Fields>
              <Field Hint="The title of this dialogue." Type="Text">
                <Title>Title</Title>
                <Value />
              </Field>
              <Field Hint="The actor who is talking." Type="Actor">
                <Title>Actor</Title>
                <Value>3</Value>
              </Field>
              <Field Hint="The actor who is listening." Type="Actor">
                <Title>Conversant</Title>
                <Value>2</Value>
              </Field>
              <Field Hint="The text that is displayed to the player in a list as a dialogue option." Type="Text">
                <Title>Menu Text</Title>
                <Value />
              </Field>
              <Field Hint="The text that is spoken by the actor." Type="Localization">
                <Title>Dialogue Text</Title>
                <Value>Understood, sir.</Value>
              </Field>
              <Field Hint="A WMV video file to be played for this dialogue." Type="Text">
                <Title>Video File</Title>
                <Value />
              </Field>
              <Field Hint="Dialogue System for Unity cutscene sequence" Type="Text">
                <Title>Sequence</Title>
                <Value>Animation(PistolReloadStandingStill); require Animation(PistolCombatIdle)@2</Value>
              </Field>
            </Fields>
            <ReviewerNotes />
            <ReviewerStatus>None</ReviewerStatus>
            <OutgoingLinks />
            <ConditionsString />
            <UserScript />
          </DialogEntry>
          <DialogEntry ID="3" IsRoot="false" IsGroup="false" NodeColor="White" DelaySimStatus="false" FalseCondtionAction="Block" ConditionPriority="Normal">
            <Fields>
              <Field Hint="The title of this dialogue." Type="Text">
                <Title>Title</Title>
                <Value />
              </Field>
              <Field Hint="The actor who is talking." Type="Actor">
                <Title>Actor</Title>
                <Value>3</Value>
              </Field>
              <Field Hint="The actor who is listening." Type="Actor">
                <Title>Conversant</Title>
                <Value>2</Value>
              </Field>
              <Field Hint="The text that is displayed to the player in a list as a dialogue option." Type="Text">
                <Title>Menu Text</Title>
                <Value />
              </Field>
              <Field Hint="The text that is spoken by the actor." Type="Localization">
                <Title>Dialogue Text</Title>
                <Value>Covering you, sergeant.</Value>
              </Field>
              <Field Hint="A WMV video file to be played for this dialogue." Type="Text">
                <Title>Video File</Title>
                <Value />
              </Field>
              <Field Hint="Dialogue System for Unity cutscene sequence" Type="Text">
                <Title>Sequence</Title>
                <Value>Animation(PistolLookingAround); require Animation(PistolCombatIdle)@2; Animation(TwoHandGunIReloadstanding,listener); require Animation(TwoHandGunIdle,listener)@2</Value>
              </Field>
            </Fields>
            <ReviewerNotes />
            <ReviewerStatus>None</ReviewerStatus>
            <OutgoingLinks />
            <ConditionsString />
            <UserScript>Variable["Reloaded"] = "True"</UserScript>
          </DialogEntry>
        </DialogEntries>
      </Conversation>
      <Conversation ID="2" LockedMode="Unlocked" NodeColor="Red">
        <Fields>
          <Field Hint="The title of this conversation." Type="Text">
            <Title>Title</Title>
            <Value>Sergeant Graves Barks</Value>
          </Field>
          <Field Hint="A short description of what happens in this conversation." Type="Text">
            <Title>Description</Title>
            <Value />
          </Field>
          <Field Hint="The actor who is doing most of the talking, or initiates this conversation." Type="Actor">
            <Title>Actor</Title>
            <Value>3</Value>
          </Field>
          <Field Hint="The actor who is approached or is mostly talked to." Type="Actor">
            <Title>Conversant</Title>
            <Value>2</Value>
          </Field>
        </Fields>
        <DialogEntries>
          <DialogEntry ID="0" IsRoot="true" IsGroup="false" NodeColor="White" DelaySimStatus="false" FalseCondtionAction="Block" ConditionPriority="Normal">
            <Fields>
              <Field Hint="The title of this dialogue." Type="Text">
                <Title>Title</Title>
                <Value>START</Value>
              </Field>
              <Field Hint="The actor who is talking." Type="Actor">
                <Title>Actor</Title>
                <Value>3</Value>
              </Field>
              <Field Hint="The actor who is listening." Type="Actor">
                <Title>Conversant</Title>
                <Value>2</Value>
              </Field>
              <Field Hint="The text that is displayed to the player in a list as a dialogue option." Type="Text">
                <Title>Menu Text</Title>
                <Value />
              </Field>
              <Field Hint="The text that is spoken by the actor." Type="Localization">
                <Title>Dialogue Text</Title>
                <Value />
              </Field>
              <Field Hint="A WMV video file to be played for this dialogue." Type="Text">
                <Title>Video File</Title>
                <Value />
              </Field>
            </Fields>
            <ReviewerNotes />
            <ReviewerStatus>None</ReviewerStatus>
            <OutgoingLinks>
              <Link OriginConvoID="2" DestinationConvoID="2" OriginDialogID="0" DestinationDialogID="1" IsConnector="false" />
              <Link OriginConvoID="2" DestinationConvoID="2" OriginDialogID="0" DestinationDialogID="2" IsConnector="false" />
              <Link OriginConvoID="2" DestinationConvoID="2" OriginDialogID="0" DestinationDialogID="3" IsConnector="false" />
            </OutgoingLinks>
            <ConditionsString />
            <UserScript />
          </DialogEntry>
          <DialogEntry ID="1" IsRoot="false" IsGroup="false" NodeColor="White" DelaySimStatus="false" FalseCondtionAction="Block" ConditionPriority="Normal">
            <Fields>
              <Field Hint="The title of this dialogue." Type="Text">
                <Title>Title</Title>
                <Value />
              </Field>
              <Field Hint="The actor who is talking." Type="Actor">
                <Title>Actor</Title>
                <Value>2</Value>
              </Field>
              <Field Hint="The actor who is listening." Type="Actor">
                <Title>Conversant</Title>
                <Value>3</Value>
              </Field>
              <Field Hint="The text that is displayed to the player in a list as a dialogue option." Type="Text">
                <Title>Menu Text</Title>
                <Value />
              </Field>
              <Field Hint="The text that is spoken by the actor." Type="Localization">
                <Title>Dialogue Text</Title>
                <Value>Reload, private.</Value>
              </Field>
              <Field Hint="A WMV video file to be played for this dialogue." Type="Text">
                <Title>Video File</Title>
                <Value />
              </Field>
              <Field Hint="Dialogue System for Unity cutscene sequence" Type="Text">
                <Title>Sequence</Title>
                <Value>Delay(1.5)</Value>
              </Field>
            </Fields>
            <ReviewerNotes />
            <ReviewerStatus>None</ReviewerStatus>
            <OutgoingLinks />
            <ConditionsString>Conversation[2].Dialog[1].SimStatus ~= "WasDisplayed"</ConditionsString>
            <UserScript />
          </DialogEntry>
          <DialogEntry ID="2" IsRoot="false" IsGroup="false" NodeColor="White" DelaySimStatus="false" FalseCondtionAction="Block" ConditionPriority="Normal">
            <Fields>
              <Field Hint="The title of this dialogue." Type="Text">
                <Title>Title</Title>
                <Value />
              </Field>
              <Field Hint="The actor who is talking." Type="Actor">
                <Title>Actor</Title>
                <Value>2</Value>
              </Field>
              <Field Hint="The actor who is listening." Type="Actor">
                <Title>Conversant</Title>
                <Value>3</Value>
              </Field>
              <Field Hint="The text that is displayed to the player in a list as a dialogue option." Type="Text">
                <Title>Menu Text</Title>
                <Value />
              </Field>
              <Field Hint="The text that is spoken by the actor." Type="Localization">
                <Title>Dialogue Text</Title>
                <Value>We might have to shoot our way out.</Value>
              </Field>
              <Field Hint="A WMV video file to be played for this dialogue." Type="Text">
                <Title>Video File</Title>
                <Value />
              </Field>
              <Field Hint="Dialogue System for Unity cutscene sequence" Type="Text">
                <Title>Sequence</Title>
                <Value>Animation(PistolTwoHandsLookingAround); require Animation(TwoHandGunIdle)@3.7</Value>
              </Field>
            </Fields>
            <ReviewerNotes />
            <ReviewerStatus>None</ReviewerStatus>
            <OutgoingLinks />
            <ConditionsString />
            <UserScript />
          </DialogEntry>
          <DialogEntry ID="3" IsRoot="false" IsGroup="false" NodeColor="White" DelaySimStatus="false" FalseCondtionAction="Block" ConditionPriority="Normal">
            <Fields>
              <Field Hint="The title of this dialogue." Type="Text">
                <Title>Title</Title>
                <Value />
              </Field>
              <Field Hint="The actor who is talking." Type="Actor">
                <Title>Actor</Title>
                <Value>2</Value>
              </Field>
              <Field Hint="The actor who is listening." Type="Actor">
                <Title>Conversant</Title>
                <Value>3</Value>
              </Field>
              <Field Hint="The text that is displayed to the player in a list as a dialogue option." Type="Text">
                <Title>Menu Text</Title>
                <Value />
              </Field>
              <Field Hint="The text that is spoken by the actor." Type="Localization">
                <Title>Dialogue Text</Title>
                <Value>Cover me while I reload.</Value>
              </Field>
              <Field Hint="A WMV video file to be played for this dialogue." Type="Text">
                <Title>Video File</Title>
                <Value />
              </Field>
              <Field Hint="Dialogue System for Unity cutscene sequence" Type="Text">
                <Title>Sequence</Title>
                <Value />
              </Field>
            </Fields>
            <ReviewerNotes />
            <ReviewerStatus>None</ReviewerStatus>
            <OutgoingLinks />
            <ConditionsString />
            <UserScript />
          </DialogEntry>
        </DialogEntries>
      </Conversation>
    </Conversations>
    <UserVariables>
      <UserVariable>
        <Fields>
          <Field Hint="The name of this variable." Type="Text">
            <Title>Name</Title>
            <Value>Alert</Value>
          </Field>
          <Field Hint="The default initial value of this variable." Type="Text">
            <Title>Initial Value</Title>
            <Value />
          </Field>
          <Field Hint="A short description of what this variable is for." Type="Text">
            <Title>Description</Title>
            <Value>Show alert messages during gameplay by setting this variable.</Value>
          </Field>
        </Fields>
      </UserVariable>
      <UserVariable>
        <Fields>
          <Field Hint="The name of this variable." Type="Text">
            <Title>Name</Title>
            <Value>Reloaded</Value>
          </Field>
          <Field Hint="The default initial value of this variable." Type="Text">
            <Title>Initial Value</Title>
            <Value />
          </Field>
          <Field Hint="A short description of what this variable is for." Type="Text">
            <Title>Description</Title>
            <Value />
          </Field>
        </Fields>
      </UserVariable>
    </UserVariables>
  </Assets>
</ChatMapperProject>